ID,RA,DEC,REDMAG,MIDMAG,BLUEMAG
32,218.5391742000000,33.47574340000000,25.10900000000000,25.18330000000000,27.82220000000000
37,218.5434499000000,33.47595910000000,24.67160000000000,25.81760000000000,23.73830000000000
44,218.5394398000000,33.47623320000000,26.20550000000000,26.24390000000000,25.89360000000000
46,218.5371283000000,33.47620420000000,25.52680000000000,25.84910000000000,28.73110000000000
51,218.5472045000000,33.47625460000000,24.90780000000000,25.87040000000000,25.82610000000000
53,218.5411661000000,33.47604640000000,28.43980000000000,27.43890000000000,27.29260000000000
55,218.5374475000000,33.47635970000000,26.16880000000000,25.54310000000000,24.23470000000000
62,218.5432954000000,33.47642000000000,26.77920000000000,26.65280000000000,27.58990000000000
67,218.5381244000000,33.47682320000000,25.12100000000000,25.28860000000000,24.33230000000000
73,218.5425720000000,33.47668050000000,26.93540000000000,26.11790000000000,25.86590000000000
77,218.5383064000000,33.47683600000000,26.29270000000000,25.92790000000000,27.11380000000000
78,218.5475803000000,33.47659590000000,28.21490000000000,27.11920000000000,26.38020000000000
79,218.5488635000000,33.47698830000000,24.66250000000000,24.37850000000000,28.70870000000000
80,218.5523919000000,33.47818110000000,23.02000000000000,22.98460000000000,25.28310000000000
81,218.5390128000000,33.47675040000000,27.10570000000000,26.95030000000000,26.81760000000000
88,218.5480025000000,33.47695760000000,26.00140000000000,26.03540000000000,26.00490000000000
89,218.5463561000000,33.47674840000000,28.77150000000000,27.16950000000000,26.93100000000000
92,218.5353126000000,33.47703430000000,25.97520000000000,25.90910000000000,27.55850000000000
94,218.5592881000000,33.47720690000000,25.60130000000000,25.79620000000000,26.72590000000000
97,218.5594104000000,33.47743750000000,24.52820000000000,24.95630000000000,23.66250000000000
99,218.5431368000000,33.47708740000000,26.18880000000000,26.19300000000000,25.91170000000000
101,218.5414327000000,33.47691830000000,27.94410000000000,27.44410000000000,28.41270000000000
107,218.5377837000000,33.47744760000000,25.61950000000000,25.30880000000000,26.98790000000000
109,218.5502820000000,33.47705430000000,27.86200000000000,27.57520000000000,25.63310000000000
110,218.5393744000000,33.47711560000000,29.35970000000000,24.70300000000000,26.33620000000000
115,218.5399072000000,33.47721050000000,26.68270000000000,26.98120000000000,24.04770000000000
116,218.5394511000000,33.47725080000000,26.94750000000000,26.63680000000000,25.84600000000000
117,218.5551590000000,33.47757200000000,25.37790000000000,25.80570000000000,25.46190000000000
118,218.5562399000000,33.47740840000000,24.91810000000000,25.01030000000000,23.81210000000000
119,218.5704279000000,33.47824530000000,22.69330000000000,23.18270000000000,26.54040000000000
121,218.5370560000000,33.47721160000000,27.97240000000000,29.35530000000000,26.72830000000000
122,218.5590248000000,33.47720200000000,27.51360000000000,27.82220000000000,25.00380000000000
126,218.5547895000000,33.47738620000000,27.52320000000000,26.98260000000000,27.73750000000000
127,218.5559159000000,33.47739730000000,27.02530000000000,27.33060000000000,27.54320000000000
128,218.5440821000000,33.47730440000000,28.28390000000000,28.05260000000000,26.03770000000000
129,218.5482611000000,33.47749000000000,26.58510000000000,26.38270000000000,22.95710000000000
130,218.5598320000000,33.47819860000000,23.35730000000000,23.73830000000000,25.41560000000000
131,218.5482825000000,33.47769010000000,24.67820000000000,25.78480000000000,25.90740000000000
133,218.5377336000000,33.47755460000000,26.17310000000000,25.97060000000000,24.57340000000000
134,218.5429261000000,33.47762720000000,25.32570000000000,26.25430000000000,26.37180000000000
135,218.5779825000000,33.47763740000000,23.81170000000000,26.56950000000000,26.40230000000000
137,218.5358245000000,33.47775260000000,25.34400000000000,25.78650000000000,25.24320000000000
138,218.5601700000000,33.47745980000000,28.61640000000000,27.03880000000000,28.01310000000000
142,218.5561061000000,33.47771980000000,25.73220000000000,25.89360000000000,25.05010000000000
144,218.5610236000000,33.47761780000000,27.67040000000000,26.39690000000000,28.08890000000000
147,218.5778442000000,33.47770750000000,25.45040000000000,28.73110000000000,24.19520000000000
148,218.5526977000000,33.47818500000000,24.60280000000000,25.19850000000000,26.25170000000000
149,218.5486035000000,33.47786490000000,25.83440000000000,25.53500000000000,27.31500000000000
150,218.5361843000000,33.47799030000000,26.38870000000000,26.80010000000000,23.56210000000000
151,218.5499704000000,33.47770630000000,27.73320000000000,27.25910000000000,25.36830000000000
152,218.5397034000000,33.47781120000000,26.04080000000000,25.82610000000000,25.78520000000000
153,218.5461722000000,33.47770050000000,27.75910000000000,27.38970000000000,25.18710000000000
154,218.5556347000000,33.47776850000000,27.36570000000000,27.29260000000000,27.40620000000000
155,218.5599123000000,33.47782640000000,27.67420000000000,27.27580000000000,26.90640000000000
156,218.5375239000000,33.47824350000000,24.39350000000000,24.23470000000000,23.86220000000000
158,218.5599753000000,33.47813680000000,24.90310000000000,26.08420000000000,25.30370000000000
159,218.5571406000000,33.47788340000000,27.35200000000000,27.32820000000000,25.47960000000000
160,218.5509364000000,33.47836040000000,24.79930000000000,24.93050000000000,27.71470000000000
162,218.5567978000000,33.47862800000000,23.72800000000000,23.77150000000000,25.35710000000000
164,218.5677571000000,33.47821740000000,26.08770000000000,26.74790000000000,25.90700000000000
167,218.5362193000000,33.47816340000000,27.62130000000000,27.84700000000000,27.29680000000000
172,218.5574369000000,33.47845040000000,26.83870000000000,27.58990000000000,27.46370000000000
174,218.5611731000000,33.47860480000000,25.60730000000000,25.40080000000000,26.59690000000000
175,218.5521257000000,33.47871020000000,24.76960000000000,25.22440000000000,26.44920000000000
176,218.5607943000000,33.47851790000000,26.05090000000000,27.15650000000000,27.42440000000000
177,218.5581976000000,33.47888640000000,25.11830000000000,25.27540000000000,25.11080000000000
178,218.5430103000000,33.47896400000000,24.29730000000000,24.33230000000000,24.93680000000000
179,218.5436031000000,33.47841350000000,28.19970000000000,99.00000000000000,27.88250000000000
180,218.5617678000000,33.47892450000000,25.55790000000000,27.41990000000000,22.49850000000000
183,218.5691316000000,33.47856280000000,26.31000000000000,26.90040000000000,27.18180000000000
184,218.5455288000000,33.47982730000000,22.07000000000000,22.75040000000000,25.92050000000000
186,218.5755139000000,33.47861500000000,26.78430000000000,26.92800000000000,25.85270000000000
187,218.5347816000000,33.47871760000000,26.16690000000000,25.86590000000000,27.05780000000000
188,218.5470212000000,33.47868280000000,26.88360000000000,26.94030000000000,26.15770000000000
190,218.5745769000000,33.47907060000000,23.80490000000000,24.40170000000000,25.68330000000000
191,218.5617897000000,33.47864900000000,26.79410000000000,99.00000000000000,26.89750000000000
193,218.5424564000000,33.47872030000000,27.30590000000000,27.11380000000000,25.97560000000000
194,218.5461460000000,33.47883160000000,26.85280000000000,26.38020000000000,23.55300000000000
198,218.5474329000000,33.47879700000000,28.11370000000000,28.70870000000000,27.92300000000000
199,218.5565677000000,33.47927040000000,25.18330000000000,25.28310000000000,26.33960000000000
200,218.5596444000000,33.47897790000000,26.89870000000000,26.81760000000000,25.00920000000000
203,218.5668506000000,33.47926230000000,25.68820000000000,25.33510000000000,24.31780000000000
205,218.5712073000000,33.47938080000000,25.37320000000000,25.16660000000000,24.65610000000000
206,218.5746548000000,33.48010510000000,22.12290000000000,22.46310000000000,26.61220000000000
207,218.5557350000000,33.47929310000000,25.74970000000000,25.29560000000000,24.49240000000000
208,218.5746457000000,33.47942320000000,26.41210000000000,26.31960000000000,25.74210000000000
209,218.5384047000000,33.47921440000000,26.43720000000000,26.32940000000000,26.21340000000000
210,218.5523847000000,33.47930790000000,25.62040000000000,26.00490000000000,27.99450000000000
212,218.5402246000000,33.47927270000000,28.11500000000000,26.93100000000000,25.81460000000000
213,218.5776124000000,33.47930370000000,26.71280000000000,27.38220000000000,26.93370000000000
214,218.5376193000000,33.47945060000000,26.52470000000000,26.40850000000000,25.84760000000000
215,218.5454367000000,33.47923210000000,27.87470000000000,27.55850000000000,27.30910000000000
216,218.5474457000000,33.47958650000000,26.00190000000000,26.59800000000000,26.85330000000000
217,218.5636409000000,33.47941770000000,27.15060000000000,26.72590000000000,26.77770000000000
218,218.5752440000000,33.47937520000000,27.30160000000000,26.72890000000000,25.51050000000000
220,218.5478409000000,33.47935680000000,27.52740000000000,27.08330000000000,26.39000000000000
221,218.5764184000000,33.47981390000000,22.69640000000000,23.66250000000000,27.02960000000000
222,218.5749640000000,33.47947020000000,27.42600000000000,26.68590000000000,28.25570000000000
223,218.5406310000000,33.47976960000000,25.97810000000000,25.91170000000000,25.61220000000000
226,218.5579580000000,33.47980680000000,26.51700000000000,27.02000000000000,27.36690000000000
227,218.5505910000000,33.47957260000000,28.53820000000000,28.41270000000000,26.17680000000000
228,218.5372178000000,33.48005220000000,25.37260000000000,25.40970000000000,23.22050000000000
229,218.5622030000000,33.47966850000000,27.03950000000000,27.53780000000000,24.01490000000000
230,218.5360046000000,33.47954910000000,28.20060000000000,27.63770000000000,25.44200000000000
231,218.5765512000000,33.48091210000000,22.02910000000000,22.30650000000000,25.61530000000000
234,218.5578441000000,33.47979480000000,27.46130000000000,26.96940000000000,26.41380000000000
235,218.5636744000000,33.47989930000000,27.38020000000000,26.98790000000000,23.91660000000000
237,218.5393772000000,33.48052830000000,22.95500000000000,23.05820000000000,27.51130000000000
240,218.5746860000000,33.47995730000000,25.51660000000000,25.63310000000000,29.16010000000000
241,218.5634826000000,33.47991760000000,26.41840000000000,26.33620000000000,25.73910000000000
244,218.5474660000000,33.48024420000000,24.44680000000000,25.35850000000000,26.61450000000000
245,218.5455512000000,33.48040800000000,23.88910000000000,24.48940000000000,23.67230000000000
246,218.5714999000000,33.48119090000000,22.53170000000000,23.37670000000000,27.72480000000000
247,218.5570115000000,33.48012150000000,26.95330000000000,26.73760000000000,23.39460000000000
248,218.5595731000000,33.48076250000000,23.98400000000000,24.04770000000000,27.83720000000000
249,218.5479170000000,33.48061670000000,23.24040000000000,25.84600000000000,23.24760000000000
250,218.5622542000000,33.48050930000000,24.70430000000000,25.46190000000000,26.55940000000000
251,218.5392850000000,33.48023010000000,32.64950000000000,23.81210000000000,26.46660000000000
252,218.5450561000000,33.48021870000000,26.27940000000000,26.54040000000000,26.35310000000000
254,218.5616229000000,33.48028910000000,26.91310000000000,26.76550000000000,26.12380000000000
256,218.5509028000000,33.48032480000000,26.69810000000000,26.72830000000000,25.28240000000000
257,218.5416318000000,33.48058330000000,24.78820000000000,25.00380000000000,25.64140000000000
258,218.5702644000000,33.48031900000000,27.88470000000000,27.37160000000000,25.37410000000000
259,218.5599076000000,33.48108980000000,24.19710000000000,24.46290000000000,25.93660000000000
260,218.5597773000000,33.48046370000000,26.99520000000000,26.66090000000000,26.53900000000000
261,218.5639562000000,33.48040230000000,27.79050000000000,27.73750000000000,24.95160000000000
262,218.5737584000000,33.48035210000000,27.83670000000000,27.54320000000000,25.35240000000000
264,218.5632713000000,33.48053080000000,26.36280000000000,26.03770000000000,25.13500000000000
265,218.5781066000000,33.48137890000000,22.86330000000000,22.95710000000000,25.89390000000000
266,218.5712389000000,33.48087450000000,25.11390000000000,25.41560000000000,25.49280000000000
267,218.5464540000000,33.48072760000000,25.28170000000000,25.90740000000000,25.95180000000000
269,218.5748321000000,33.48063550000000,25.62770000000000,25.60630000000000,26.42160000000000
270,218.5526158000000,33.48158310000000,23.42670000000000,24.57340000000000,26.17340000000000
271,218.5534319000000,33.48062870000000,26.97050000000000,26.37180000000000,26.15760000000000
273,218.5580692000000,33.48119440000000,25.57780000000000,26.40230000000000,25.98710000000000
274,218.5707410000000,33.48084390000000,25.44780000000000,25.74440000000000,23.97620000000000
275,218.5363768000000,33.48157150000000,24.63200000000000,25.24320000000000,28.18680000000000
277,218.5708525000000,33.48075280000000,27.19470000000000,28.01310000000000,24.53660000000000
278,218.5418762000000,33.48084250000000,26.66440000000000,26.31730000000000,25.90740000000000
279,218.5560019000000,33.48110500000000,26.17620000000000,26.94870000000000,26.84920000000000
280,218.5593119000000,33.48084860000000,26.48030000000000,28.28100000000000,28.01430000000000
281,218.5507049000000,33.48178290000000,23.80510000000000,25.05010000000000,27.43020000000000
282,218.5602142000000,33.48100240000000,25.26370000000000,26.00200000000000,25.76910000000000
284,218.5493162000000,33.48084820000000,28.26940000000000,28.08890000000000,26.34110000000000
285,218.5405238000000,33.48095410000000,27.15500000000000,25.94600000000000,24.96430000000000
287,218.5409659000000,33.48126310000000,25.53240000000000,25.92470000000000,24.62080000000000
289,218.5380234000000,33.48189040000000,24.07650000000000,24.19520000000000,26.47030000000000
290,218.5751507000000,33.48116390000000,26.09190000000000,26.25170000000000,25.71060000000000
291,218.5496857000000,33.48100660000000,28.53950000000000,27.31500000000000,26.88670000000000
293,218.5475564000000,33.48182430000000,22.91000000000000,23.56210000000000,24.76720000000000
294,218.5611685000000,33.48150540000000,24.44330000000000,25.36830000000000,25.36390000000000
295,218.5368435000000,33.48136810000000,25.76380000000000,25.78520000000000,24.67970000000000
296,218.5678615000000,33.48141500000000,24.68810000000000,25.18710000000000,26.39370000000000
297,218.5592855000000,33.48121040000000,26.96940000000000,27.40620000000000,27.61270000000000
298,218.5509169000000,33.48128300000000,27.03510000000000,26.90640000000000,25.76790000000000
299,218.5427518000000,33.48249700000000,22.83540000000000,23.86220000000000,24.68170000000000
302,218.5418954000000,33.48129120000000,27.05790000000000,26.79390000000000,24.71830000000000
304,218.5589632000000,33.48179230000000,24.45280000000000,25.30370000000000,25.62540000000000
305,218.5584726000000,33.48163100000000,24.60210000000000,25.47960000000000,26.93850000000000
306,218.5489589000000,33.48129540000000,27.97080000000000,27.71470000000000,24.83660000000000
308,218.5392763000000,33.48307810000000,22.11360000000000,22.75070000000000,26.89850000000000
309,218.5433565000000,33.48225400000000,25.38230000000000,25.35710000000000,25.60000000000000
310,218.5473953000000,33.48209120000000,23.65450000000000,24.88260000000000,26.63010000000000
311,218.5685217000000,33.48169800000000,25.62790000000000,25.90700000000000,23.50850000000000
313,218.5473829000000,33.48188170000000,24.19280000000000,25.01250000000000,25.40540000000000
314,218.5382636000000,33.48172710000000,26.13890000000000,26.09270000000000,25.80800000000000
315,218.5450351000000,33.48172260000000,27.98430000000000,27.29680000000000,25.65220000000000
316,218.5360345000000,33.48211530000000,25.13100000000000,24.98900000000000,23.30360000000000
317,218.5507030000000,33.48192850000000,25.57820000000000,26.58460000000000,26.29800000000000
319,218.5488011000000,33.48236590000000,25.03940000000000,26.05940000000000,25.12260000000000
321,218.5488786000000,33.48216220000000,26.01810000000000,26.42570000000000,27.69830000000000
323,218.5402143000000,33.48191030000000,27.79080000000000,27.46370000000000,25.03940000000000
324,218.5514901000000,33.48203610000000,27.28630000000000,27.96920000000000,26.78550000000000
330,218.5559336000000,33.48246370000000,26.12490000000000,26.59690000000000,28.28870000000000
331,218.5634187000000,33.48232270000000,26.00440000000000,26.44920000000000,24.94740000000000
332,218.5377691000000,33.48211850000000,27.25800000000000,27.42440000000000,25.35990000000000
333,218.5469342000000,33.48255930000000,24.83850000000000,25.11080000000000,24.84010000000000
334,218.5606313000000,33.48274280000000,24.61190000000000,24.93680000000000,23.38100000000000
336,218.5700933000000,33.48222290000000,28.03230000000000,27.88250000000000,24.66170000000000
337,218.5597881000000,33.48376190000000,22.20060000000000,22.49850000000000,26.30450000000000
338,218.5393701000000,33.48277050000000,24.61380000000000,24.40880000000000,25.74080000000000
339,218.5445217000000,33.48242940000000,27.05690000000000,27.42740000000000,26.37680000000000
341,218.5739285000000,33.48235780000000,27.95800000000000,27.18180000000000,25.71070000000000
342,218.5418369000000,33.48262090000000,25.50840000000000,25.92050000000000,25.95710000000000
343,218.5497565000000,33.48236660000000,28.39900000000000,27.71980000000000,24.35980000000000
344,218.5354636000000,33.48271610000000,25.59500000000000,25.85270000000000,26.55510000000000
346,218.5465782000000,33.48258390000000,26.70560000000000,27.05780000000000,28.32700000000000
347,218.5745296000000,33.48277180000000,26.05670000000000,26.15770000000000,24.58010000000000
349,218.5376190000000,33.48281750000000,26.28660000000000,26.46700000000000,24.41360000000000
351,218.5384258000000,33.48291490000000,25.89890000000000,25.68330000000000,26.75350000000000
352,218.5498969000000,33.48279720000000,26.48810000000000,26.89750000000000,25.49170000000000
353,218.5624217000000,33.48289950000000,25.80300000000000,25.80460000000000,26.74230000000000
354,218.5452809000000,33.48285780000000,26.08900000000000,25.97560000000000,28.40250000000000
355,218.5390711000000,33.48315890000000,23.47090000000000,23.55300000000000,28.21660000000000
357,218.5408273000000,33.48294590000000,25.63140000000000,25.57960000000000,24.01780000000000
358,218.5707062000000,33.48426310000000,22.07280000000000,22.25060000000000,27.30620000000000
359,218.5398093000000,33.48282680000000,27.51740000000000,28.54370000000000,27.82300000000000
361,218.5586417000000,33.48287750000000,28.24740000000000,27.92300000000000,27.20380000000000
362,218.5771986000000,33.48309660000000,26.35030000000000,26.33960000000000,23.32600000000000
363,218.5489292000000,33.48315490000000,24.86570000000000,25.00920000000000,23.93620000000000
364,218.5452170000000,33.48310370000000,26.79170000000000,27.13190000000000,26.79140000000000
366,218.5630534000000,33.48403430000000,22.30780000000000,22.37610000000000,25.66200000000000
367,218.5569620000000,33.48344070000000,23.74430000000000,24.31780000000000,26.39780000000000
368,218.5755473000000,33.48314620000000,26.49030000000000,26.47720000000000,26.52410000000000
369,218.5694331000000,33.48381510000000,24.53030000000000,24.65610000000000,26.75220000000000
372,218.5459944000000,33.48332120000000,26.93290000000000,26.61220000000000,27.25680000000000
374,218.5480728000000,33.48378700000000,24.32590000000000,24.49240000000000,26.39210000000000
375,218.5402230000000,33.48357980000000,25.75170000000000,25.74210000000000,24.43000000000000
376,218.5649566000000,33.48336080000000,25.59450000000000,26.21340000000000,27.56930000000000
377,218.5779721000000,33.48317000000000,28.77940000000000,27.99450000000000,24.83390000000000
378,218.5595539000000,33.48352480000000,26.02420000000000,25.91680000000000,28.09110000000000
382,218.5347369000000,33.48353210000000,26.19650000000000,25.81460000000000,27.72460000000000
384,218.5354337000000,33.48345020000000,26.92890000000000,26.93370000000000,26.38700000000000
385,218.5574396000000,33.48356970000000,26.70710000000000,25.84760000000000,26.00270000000000
387,218.5758718000000,33.48362810000000,26.50930000000000,27.30910000000000,26.95570000000000
390,218.5424326000000,33.48373140000000,26.50900000000000,26.85330000000000,26.16660000000000
391,218.5397622000000,33.48371360000000,26.24990000000000,26.77770000000000,24.46230000000000
392,218.5476673000000,33.48379320000000,26.31390000000000,25.51050000000000,24.36730000000000
393,218.5764312000000,33.48396180000000,25.25050000000000,26.45070000000000,24.43150000000000
394,218.5606356000000,33.48385830000000,27.28010000000000,26.39000000000000,22.15480000000000
395,218.5558714000000,33.48374330000000,27.33300000000000,27.02960000000000,24.46000000000000
396,218.5679573000000,33.48367240000000,27.55820000000000,28.25570000000000,25.03480000000000
397,218.5535238000000,33.48408820000000,26.05070000000000,25.61220000000000,24.38360000000000
398,218.5431437000000,33.48382970000000,26.56010000000000,26.56280000000000,24.94290000000000
400,218.5501890000000,33.48380120000000,27.67130000000000,27.25420000000000,25.31510000000000
401,218.5376675000000,33.48376060000000,28.20930000000000,27.36690000000000,27.92390000000000
403,218.5691411000000,33.48415130000000,26.15480000000000,26.17680000000000,26.37610000000000
404,218.5772471000000,33.48448620000000,23.10820000000000,23.22050000000000,26.85420000000000
407,218.5732892000000,33.48463690000000,22.86180000000000,24.01490000000000,25.39270000000000
408,218.5605525000000,33.48434340000000,25.44190000000000,25.44200000000000,25.39790000000000
409,218.5406548000000,33.48433060000000,24.24280000000000,25.61530000000000,26.47730000000000
412,218.5476126000000,33.48567460000000,21.74220000000000,21.96630000000000,24.87300000000000
413,218.5770434000000,33.48454070000000,23.85020000000000,23.93320000000000,26.70060000000000
415,218.5536696000000,33.48420930000000,27.06130000000000,26.41380000000000,27.25480000000000
416,218.5581670000000,33.48494070000000,23.19880000000000,23.91660000000000,22.89470000000000
417,218.5381807000000,33.48452710000000,24.94650000000000,25.23880000000000,25.84340000000000
418,218.5612379000000,33.48420350000000,27.57120000000000,27.51130000000000,26.91960000000000
419,218.5554785000000,33.48590020000000,21.11230000000000,21.97320000000000,26.87570000000000
420,218.5699302000000,33.48428000000000,28.00510000000000,27.67550000000000,26.95300000000000
421,218.5576588000000,33.48423670000000,27.91680000000000,29.16010000000000,27.28820000000000
422,218.5525945000000,33.48437750000000,26.19350000000000,25.73910000000000,26.77800000000000
423,218.5566390000000,33.48435880000000,27.37730000000000,27.16170000000000,25.08070000000000
424,218.5693986000000,33.48436610000000,27.37350000000000,27.12650000000000,26.12730000000000
425,218.5637489000000,33.48429250000000,27.72470000000000,26.61450000000000,27.59930000000000
426,218.5714180000000,33.48541970000000,23.71050000000000,23.67230000000000,24.61800000000000
427,218.5384606000000,33.48439360000000,27.50010000000000,27.72480000000000,25.89220000000000
428,218.5523565000000,33.48533160000000,22.92760000000000,23.39460000000000,25.75330000000000
429,218.5358368000000,33.48444480000000,26.92230000000000,27.83720000000000,26.82300000000000
431,218.5573192000000,33.48551630000000,23.05190000000000,23.24760000000000,23.81870000000000
433,218.5557336000000,33.48493050000000,24.83420000000000,26.55940000000000,26.30300000000000
434,218.5675394000000,33.48462390000000,27.03750000000000,26.46660000000000,26.26300000000000
436,218.5760462000000,33.48469080000000,26.05050000000000,26.35310000000000,27.37010000000000
437,218.5519519000000,33.48470860000000,25.29510000000000,26.92110000000000,24.45270000000000
438,218.5653841000000,33.48468800000000,26.63920000000000,26.12380000000000,27.05350000000000
439,218.5513065000000,33.48463810000000,27.93000000000000,25.00350000000000,27.76450000000000
441,218.5471650000000,33.48510740000000,24.15860000000000,25.28240000000000,25.10700000000000
442,218.5407566000000,33.48477560000000,25.86630000000000,25.64140000000000,25.91870000000000
446,218.5481989000000,33.48499440000000,24.77640000000000,25.37410000000000,24.68400000000000
449,218.5461903000000,33.48495490000000,26.01640000000000,25.93660000000000,24.42310000000000
450,218.5359366000000,33.48495740000000,27.38290000000000,26.53900000000000,24.83600000000000
452,218.5589523000000,33.48536680000000,24.07140000000000,24.95160000000000,26.59650000000000
454,218.5735225000000,33.48591070000000,25.01830000000000,25.35240000000000,26.07770000000000
455,218.5520668000000,33.48548300000000,25.20760000000000,25.22250000000000,25.23700000000000
458,218.5627851000000,33.48557340000000,25.28360000000000,25.13500000000000,27.71810000000000
459,218.5421680000000,33.48547460000000,26.08440000000000,25.89390000000000,25.79360000000000
462,218.5365205000000,33.48544200000000,25.78800000000000,25.49280000000000,25.60340000000000
463,218.5757916000000,33.48560660000000,26.00850000000000,25.95180000000000,26.32300000000000
466,218.5481457000000,33.48554280000000,26.91140000000000,26.34560000000000,28.13630000000000
469,218.5685029000000,33.48570800000000,27.00300000000000,26.42160000000000,26.37130000000000
470,218.5383381000000,33.48568690000000,26.80540000000000,26.17340000000000,24.55670000000000
471,218.5590544000000,33.48609010000000,25.07120000000000,26.15760000000000,26.23710000000000
472,218.5434808000000,33.48606400000000,27.21700000000000,26.14120000000000,24.83260000000000
474,218.5579657000000,33.48624420000000,26.32430000000000,25.98710000000000,28.68710000000000
475,218.5760864000000,33.48632350000000,24.15600000000000,23.97620000000000,26.68980000000000
476,218.5340035000000,33.48572430000000,27.86650000000000,28.18680000000000,24.04920000000000
477,218.5472720000000,33.48606200000000,25.02130000000000,25.54190000000000,26.01560000000000
478,218.5556888000000,33.48631230000000,24.25390000000000,24.53660000000000,27.02930000000000
479,218.5746083000000,33.48598940000000,26.01650000000000,25.90740000000000,25.27200000000000
480,218.5451086000000,33.48587710000000,26.76790000000000,26.84920000000000,26.14430000000000
481,218.5377748000000,33.48579030000000,28.09700000000000,28.01430000000000,27.72680000000000
484,218.5687778000000,33.48591840000000,27.36850000000000,27.43020000000000,26.16870000000000
486,218.5512330000000,33.48636190000000,25.23400000000000,25.76910000000000,26.99800000000000
488,218.5362642000000,33.48617060000000,26.42820000000000,27.25170000000000,27.00400000000000
489,218.5514233000000,33.48634080000000,26.18760000000000,26.34110000000000,21.87820000000000
490,218.5458376000000,33.48709770000000,23.62740000000000,24.96430000000000,25.90860000000000
491,218.5675998000000,33.48660680000000,24.90590000000000,25.26770000000000,25.49270000000000
492,218.5423981000000,33.48675630000000,23.33650000000000,24.62080000000000,26.53240000000000
493,218.5399401000000,33.48619890000000,28.75830000000000,28.79590000000000,26.26330000000000
494,218.5580459000000,33.48636640000000,27.21160000000000,26.47030000000000,27.35050000000000
495,218.5456062000000,33.48685150000000,24.90090000000000,25.71060000000000,27.19020000000000
496,218.5339970000000,33.48656310000000,26.99100000000000,26.88670000000000,27.08550000000000
497,218.5706881000000,33.48646890000000,27.00320000000000,26.12000000000000,27.45680000000000
498,218.5344149000000,33.48668420000000,25.02370000000000,24.76720000000000,24.81490000000000
499,218.5618216000000,33.48681580000000,25.26330000000000,25.36390000000000,25.12120000000000
501,218.5485961000000,33.48679860000000,24.88060000000000,24.67970000000000,25.43880000000000
502,218.5349023000000,33.48668100000000,26.80970000000000,26.39370000000000,27.08730000000000
503,218.5704538000000,33.48655800000000,27.54290000000000,27.61270000000000,25.00750000000000
504,218.5561139000000,33.48691890000000,25.89910000000000,25.76790000000000,24.78520000000000
506,218.5679953000000,33.48712500000000,24.34380000000000,24.68170000000000,28.40660000000000
507,218.5690017000000,33.48697670000000,25.32170000000000,25.60140000000000,26.53510000000000
509,218.5513064000000,33.48740560000000,24.68110000000000,24.95930000000000,24.13990000000000
510,218.5519062000000,33.48701640000000,24.90480000000000,24.71830000000000,25.26630000000000
511,218.5457384000000,33.48702160000000,24.90750000000000,25.84260000000000,25.09310000000000
512,218.5458931000000,33.48741110000000,25.03380000000000,25.62540000000000,27.10080000000000
513,218.5516451000000,33.48681500000000,27.43720000000000,26.93850000000000,25.29160000000000
515,218.5720695000000,33.48733130000000,24.27980000000000,24.83660000000000,24.32660000000000
516,218.5711160000000,33.48699690000000,26.49120000000000,27.56080000000000,26.90700000000000
517,218.5554310000000,33.48701710000000,27.23360000000000,26.89850000000000,26.66430000000000
518,218.5424218000000,33.48734870000000,24.67020000000000,25.60000000000000,26.24510000000000
519,218.5506605000000,33.48709150000000,26.94240000000000,26.63010000000000,25.92470000000000
520,218.5479873000000,33.48820680000000,22.14780000000000,23.50850000000000,26.30250000000000
521,218.5366767000000,33.48720720000000,25.79130000000000,25.64500000000000,27.18660000000000
522,218.5516596000000,33.48744880000000,25.08670000000000,25.40540000000000,27.78540000000000
524,218.5578543000000,33.48722610000000,26.02080000000000,25.80800000000000,26.24440000000000
528,218.5698766000000,33.48779670000000,25.18910000000000,25.65220000000000,25.98530000000000
533,218.5750890000000,33.48839590000000,22.37500000000000,23.30360000000000,26.53030000000000
535,218.5698092000000,33.48764290000000,25.56300000000000,26.29800000000000,26.62740000000000
536,218.5683290000000,33.48759510000000,26.31990000000000,26.65860000000000,26.30560000000000
537,218.5571093000000,33.48783800000000,24.54960000000000,25.12260000000000,25.69540000000000
539,218.5403046000000,33.48808590000000,23.59230000000000,23.63790000000000,28.57780000000000
540,218.5538203000000,33.48758500000000,28.14980000000000,27.69830000000000,26.08530000000000
541,218.5538247000000,33.48791140000000,24.91100000000000,24.79780000000000,26.23510000000000
542,218.5439486000000,33.48813590000000,24.79580000000000,25.03940000000000,26.69670000000000
543,218.5379043000000,33.48789450000000,26.52610000000000,26.78550000000000,22.79660000000000
544,218.5721760000000,33.48783320000000,27.46370000000000,26.80480000000000,25.05200000000000
545,218.5413295000000,33.48803780000000,26.17970000000000,26.53150000000000,29.08490000000000
546,218.5473464000000,33.48782650000000,27.83640000000000,27.04270000000000,26.69460000000000
547,218.5563873000000,33.48817120000000,24.71160000000000,25.13120000000000,26.62820000000000
548,218.5444785000000,33.48800460000000,26.69480000000000,26.26600000000000,23.58800000000000
549,218.5718024000000,33.48789090000000,28.17770000000000,28.28870000000000,25.92310000000000
551,218.5523290000000,33.48833150000000,24.95700000000000,24.94740000000000,25.16780000000000
552,218.5479982000000,33.48838780000000,24.55010000000000,25.35990000000000,25.07780000000000
554,218.5610404000000,33.48836060000000,24.60910000000000,24.84010000000000,27.61350000000000
559,218.5493791000000,33.48886690000000,23.03430000000000,23.38100000000000,28.32730000000000
560,218.5695974000000,33.48832040000000,28.18360000000000,27.35190000000000,27.03990000000000
561,218.5612522000000,33.48893840000000,24.47640000000000,24.66170000000000,26.23390000000000
562,218.5400012000000,33.48860400000000,26.91630000000000,26.30450000000000,26.52730000000000
563,218.5718128000000,33.48855270000000,26.26080000000000,25.74080000000000,27.11100000000000
564,218.5391926000000,33.48886270000000,26.17420000000000,26.37680000000000,27.93820000000000
565,218.5453738000000,33.48857840000000,28.04000000000000,27.88700000000000,25.65970000000000
566,218.5528931000000,33.48906380000000,25.38080000000000,25.71070000000000,25.45740000000000
567,218.5508302000000,33.48886380000000,26.15960000000000,25.95710000000000,25.87590000000000
568,218.5526908000000,33.48919700000000,24.36870000000000,24.35980000000000,22.33580000000000
570,218.5349042000000,33.48902270000000,26.19040000000000,26.55510000000000,26.24480000000000
571,218.5550556000000,33.48893000000000,27.05880000000000,26.84880000000000,26.41670000000000
572,218.5353112000000,33.48880270000000,27.75940000000000,28.32700000000000,25.95230000000000
573,218.5503935000000,33.49019970000000,23.98270000000000,24.58010000000000,27.55430000000000
575,218.5697771000000,33.48932480000000,24.66060000000000,24.95210000000000,25.25220000000000
577,218.5536126000000,33.48968220000000,24.50730000000000,24.41360000000000,27.55890000000000
579,218.5577851000000,33.48919510000000,26.33820000000000,26.18840000000000,24.28830000000000
580,218.5590344000000,33.48898890000000,27.78980000000000,26.75350000000000,27.51480000000000
581,218.5659838000000,33.48945150000000,25.84340000000000,25.49170000000000,26.22960000000000
583,218.5504543000000,33.48924750000000,27.44600000000000,26.74230000000000,26.02300000000000
584,218.5522217000000,33.48914890000000,27.84520000000000,28.40250000000000,26.00440000000000
585,218.5379874000000,33.48924310000000,27.41550000000000,28.21660000000000,24.85530000000000
586,218.5375351000000,33.48924300000000,27.03170000000000,26.86980000000000,28.12700000000000
587,218.5413817000000,33.48994100000000,23.37300000000000,24.01780000000000,25.69270000000000
591,218.5664678000000,33.48944230000000,27.47190000000000,27.30620000000000,27.29030000000000
592,218.5612205000000,33.48937810000000,27.77030000000000,27.82300000000000,27.76950000000000
593,218.5634378000000,33.48947390000000,27.57300000000000,27.09590000000000,27.10240000000000
597,218.5768356000000,33.48975210000000,27.19640000000000,27.20380000000000,24.38070000000000
598,218.5547150000000,33.49018550000000,23.55100000000000,23.32600000000000,26.46920000000000
599,218.5535634000000,33.49030150000000,23.96870000000000,23.93620000000000,27.60910000000000
600,218.5430819000000,33.48981320000000,27.09340000000000,26.79140000000000,28.27820000000000
603,218.5487101000000,33.49024150000000,23.99490000000000,25.00550000000000,26.96620000000000
604,218.5538208000000,33.49021410000000,25.72980000000000,25.66200000000000,24.74480000000000
605,218.5382935000000,33.49015350000000,26.77460000000000,26.39780000000000,26.99160000000000
606,218.5580805000000,33.49003360000000,26.64330000000000,26.52410000000000,25.93790000000000
607,218.5772545000000,33.49003590000000,26.58250000000000,26.75220000000000,25.41170000000000
609,218.5409798000000,33.49003030000000,27.61780000000000,27.56360000000000,26.48130000000000
611,218.5393982000000,33.49025500000000,25.58310000000000,25.62180000000000,25.90440000000000
612,218.5748596000000,33.49018790000000,27.34440000000000,27.25680000000000,26.02570000000000
613,218.5625964000000,33.49008070000000,27.62120000000000,29.25090000000000,26.78700000000000
614,218.5511019000000,33.49031240000000,26.14510000000000,26.39210000000000,25.37240000000000
615,218.5452107000000,33.49060290000000,23.99490000000000,24.43000000000000,25.70570000000000
616,218.5471829000000,33.49020780000000,27.79760000000000,27.56930000000000,26.13860000000000
619,218.5711815000000,33.49074660000000,24.91430000000000,24.83390000000000,27.81930000000000
620,218.5375817000000,33.49036330000000,27.81400000000000,28.09110000000000,26.70260000000000
621,218.5366817000000,33.49041990000000,26.59720000000000,26.63570000000000,27.06040000000000
622,218.5492119000000,33.49053380000000,26.03590000000000,26.48890000000000,24.84850000000000
624,218.5543358000000,33.49057490000000,26.14430000000000,26.02560000000000,25.59320000000000
627,218.5513975000000,33.49056600000000,27.16820000000000,27.72460000000000,27.18600000000000
630,218.5470883000000,33.49075130000000,26.44400000000000,26.30270000000000,26.37330000000000
631,218.5648194000000,33.49078850000000,26.70570000000000,26.38700000000000,26.99890000000000
634,218.5573259000000,33.49083890000000,26.16430000000000,26.00270000000000,25.62730000000000
638,218.5688912000000,33.49319740000000,22.30260000000000,23.70810000000000,25.31600000000000
641,218.5718427000000,33.49097280000000,27.46540000000000,26.95570000000000,26.06450000000000
679,218.5485609000000,33.49164240000000,26.22430000000000,26.65950000000000,27.00760000000000
680,218.5556937000000,33.49394780000000,26.02670000000000,26.25100000000000,26.16440000000000
684,218.5566031000000,33.49161390000000,26.47630000000000,26.16660000000000,27.53080000000000
694,218.5586146000000,33.49271300000000,22.68360000000000,24.46230000000000,26.76920000000000
696,218.5597717000000,33.49239080000000,24.46060000000000,24.36730000000000,24.30180000000000
697,218.5525209000000,33.49338060000000,23.60290000000000,24.43150000000000,25.54660000000000
701,218.5701027000000,33.49373230000000,22.00200000000000,22.15480000000000,25.57790000000000
702,218.5543183000000,33.49232670000000,23.96970000000000,24.46000000000000,28.54550000000000
704,218.5404292000000,33.49223950000000,25.06320000000000,25.03480000000000,26.47570000000000
707,218.5536346000000,33.49231130000000,24.33780000000000,24.38360000000000,24.17710000000000
710,218.5485001000000,33.49262350000000,25.12780000000000,24.94290000000000,27.13910000000000
711,218.5402003000000,33.49217050000000,27.37900000000000,27.08220000000000,27.43610000000000
713,218.5397361000000,33.49365170000000,25.07990000000000,25.31510000000000,26.11290000000000
715,218.5641438000000,33.49227940000000,28.37810000000000,27.92390000000000,26.74290000000000
716,218.5398389000000,33.49236650000000,27.10640000000000,26.78730000000000,25.99960000000000
717,218.5464366000000,33.49249220000000,26.54820000000000,26.37610000000000,27.00870000000000
718,218.5487464000000,33.49245920000000,27.39190000000000,26.85420000000000,28.57710000000000
719,218.5532815000000,33.49361930000000,23.85780000000000,24.81260000000000,23.89140000000000
720,218.5695105000000,33.49246790000000,27.37650000000000,27.19390000000000,25.78240000000000
721,218.5694175000000,33.49277530000000,25.04840000000000,25.39270000000000,26.79920000000000
722,218.5678466000000,33.49273320000000,25.15320000000000,25.39790000000000,24.88190000000000
723,218.5740024000000,33.49260950000000,26.46690000000000,26.47730000000000,25.65860000000000
725,218.5568163000000,33.49398340000000,22.79550000000000,22.85870000000000,28.14660000000000
727,218.5558924000000,33.49293670000000,26.45420000000000,25.54840000000000,26.88860000000000
728,218.5359293000000,33.49297620000000,24.82660000000000,24.87300000000000,26.06270000000000
729,218.5750705000000,33.49293340000000,26.39610000000000,26.70060000000000,25.95700000000000
730,218.5720280000000,33.49382850000000,24.90870000000000,24.73480000000000,23.37080000000000
731,218.5415484000000,33.49286180000000,27.40800000000000,27.25480000000000,24.00720000000000
732,218.5715941000000,33.49417160000000,22.75100000000000,22.89470000000000,27.64910000000000
734,218.5502168000000,33.49291280000000,26.17320000000000,25.84340000000000,26.94730000000000
735,218.5489454000000,33.49278600000000,27.63500000000000,26.91960000000000,25.62010000000000
736,218.5438308000000,33.49295370000000,27.36210000000000,26.87570000000000,25.43950000000000
737,218.5579514000000,33.49286230000000,27.63680000000000,26.95300000000000,26.13400000000000
738,218.5665637000000,33.49279940000000,28.38570000000000,27.28820000000000,25.18730000000000
739,218.5562165000000,33.49293420000000,26.14710000000000,26.77800000000000,24.13110000000000
741,218.5753112000000,33.49316300000000,25.28850000000000,25.08070000000000,25.32100000000000
742,218.5529519000000,33.49339440000000,25.26600000000000,26.12730000000000,22.93080000000000
744,218.5365801000000,33.49297110000000,28.24860000000000,27.59930000000000,26.22260000000000
746,218.5664042000000,33.49317790000000,24.77490000000000,24.61800000000000,24.93260000000000
747,218.5684196000000,33.49319130000000,25.51370000000000,25.89220000000000,26.97840000000000
748,218.5585642000000,33.49335990000000,25.59160000000000,25.75330000000000,25.01990000000000
749,218.5772195000000,33.49309520000000,26.54590000000000,26.82300000000000,28.36330000000000
750,218.5392451000000,33.49380600000000,24.16540000000000,24.42680000000000,25.93160000000000
751,218.5726934000000,33.49433030000000,22.43670000000000,23.81870000000000,26.21860000000000
753,218.5560177000000,33.49324910000000,26.24290000000000,25.99360000000000,27.91320000000000
754,218.5571069000000,33.49330810000000,25.51770000000000,26.30300000000000,26.96670000000000
757,218.5444764000000,33.49346070000000,26.61890000000000,26.26300000000000,26.72450000000000
759,218.5570684000000,33.49373700000000,24.80780000000000,24.75820000000000,28.57200000000000
760,218.5526791000000,33.49333360000000,26.48460000000000,27.37010000000000,27.79240000000000
761,218.5522515000000,33.49414970000000,23.30760000000000,24.45270000000000,27.48600000000000
762,218.5708438000000,33.49343360000000,26.33260000000000,27.05350000000000,27.28340000000000
763,218.5622441000000,33.49330740000000,28.55660000000000,27.76450000000000,25.08940000000000
764,218.5441087000000,33.49337360000000,27.13100000000000,26.60010000000000,26.30030000000000
765,218.5376103000000,33.49381140000000,25.32540000000000,25.10700000000000,24.56050000000000
766,218.5625714000000,33.49369770000000,25.79120000000000,25.91870000000000,25.96340000000000
767,218.5502250000000,33.49334260000000,28.01270000000000,28.02920000000000,27.73040000000000
768,218.5437595000000,33.49366760000000,24.73770000000000,24.60200000000000,27.22900000000000
769,218.5555881000000,33.49420030000000,23.86550000000000,24.50550000000000,27.25440000000000
770,218.5438165000000,33.49384040000000,25.05790000000000,24.68400000000000,25.18660000000000
771,218.5547769000000,33.49355160000000,27.90630000000000,99.00000000000000,27.59970000000000
772,218.5570490000000,33.49400290000000,26.33190000000000,25.51090000000000,23.49790000000000
773,218.5522891000000,33.49468440000000,23.78000000000000,24.42310000000000,28.21940000000000
774,218.5716303000000,33.49399230000000,24.81070000000000,24.83600000000000,24.95970000000000
776,218.5573875000000,33.49374110000000,27.26040000000000,27.85660000000000,26.19390000000000
777,218.5644331000000,33.49404450000000,25.83150000000000,26.59650000000000,26.13370000000000
778,218.5500088000000,33.49372150000000,27.48590000000000,27.64490000000000,26.87600000000000
780,218.5354520000000,33.49383240000000,27.03710000000000,26.07770000000000,29.18480000000000
783,218.5533673000000,33.49415100000000,24.61020000000000,25.23700000000000,27.24010000000000
784,218.5676588000000,33.49385800000000,27.32480000000000,27.49790000000000,26.91650000000000
785,218.5568956000000,33.49430280000000,25.08410000000000,25.02140000000000,24.57810000000000
786,218.5357681000000,33.49391160000000,27.32230000000000,27.71810000000000,27.39710000000000
787,218.5365127000000,33.49428770000000,25.44910000000000,25.79360000000000,27.17740000000000
788,218.5542577000000,33.49438790000000,24.00390000000000,25.19970000000000,26.40820000000000
789,218.5684462000000,33.49424110000000,25.75170000000000,25.69340000000000,28.34560000000000
790,218.5560968000000,33.49404510000000,25.93030000000000,25.60340000000000,26.79060000000000
791,218.5371596000000,33.49419320000000,25.96150000000000,26.32300000000000,26.38360000000000
792,218.5560252000000,33.49460660000000,23.19790000000000,23.57180000000000,24.16260000000000
793,218.5563418000000,33.49413970000000,25.64240000000000,25.93880000000000,23.56370000000000
794,218.5650309000000,33.49399230000000,27.61490000000000,28.13630000000000,23.35150000000000
796,218.5527158000000,33.49476340000000,24.17290000000000,25.02890000000000,26.98840000000000
797,218.5554851000000,33.49431410000000,24.83600000000000,25.26360000000000,27.81120000000000
798,218.5459157000000,33.49444120000000,24.19930000000000,26.37130000000000,25.72730000000000
799,218.5719465000000,33.49448440000000,24.27470000000000,24.55670000000000,28.04810000000000
800,218.5403017000000,33.49423120000000,26.32790000000000,26.23710000000000,27.28970000000000
802,218.5643593000000,33.49449830000000,25.33350000000000,24.83260000000000,26.18230000000000
803,218.5530985000000,33.49444100000000,25.58170000000000,26.03050000000000,27.92000000000000
806,218.5486575000000,33.49417060000000,28.14340000000000,28.68710000000000,27.32820000000000
808,218.5449001000000,33.49431230000000,26.14470000000000,26.68980000000000,26.64040000000000
809,218.5560523000000,33.49443760000000,25.09210000000000,24.04920000000000,27.95130000000000
811,218.5586559000000,33.49434110000000,26.46180000000000,26.01560000000000,24.29510000000000
812,218.5533106000000,33.49435470000000,27.05820000000000,27.02930000000000,26.17890000000000
814,218.5691777000000,33.49456460000000,25.07300000000000,25.27200000000000,26.87620000000000
815,218.5495792000000,33.49463360000000,25.97630000000000,26.14430000000000,25.29440000000000
816,218.5543638000000,33.49455780000000,26.60730000000000,27.72680000000000,26.55430000000000
817,218.5528614000000,33.49449940000000,27.19040000000000,26.86230000000000,26.78200000000000
818,218.5649337000000,33.49448300000000,27.64000000000000,28.16840000000000,27.07900000000000
819,218.5386984000000,33.49463630000000,26.79780000000000,26.16870000000000,25.79430000000000
820,218.5501223000000,33.49509970000000,23.96630000000000,24.15960000000000,27.10200000000000
822,218.5575748000000,33.49471340000000,26.79900000000000,26.99800000000000,27.14370000000000
823,218.5330830000000,33.49482440000000,26.56450000000000,26.61580000000000,25.56280000000000
824,218.5527592000000,33.49502450000000,26.39640000000000,27.00400000000000,27.01730000000000
825,218.5352071000000,33.49690680000000,21.14630000000000,21.87820000000000,25.93590000000000
826,218.5544246000000,33.49501350000000,25.21380000000000,25.90860000000000,25.35420000000000
829,218.5581072000000,33.49506100000000,25.47950000000000,25.49270000000000,24.57410000000000
830,218.5662924000000,33.49501660000000,26.43770000000000,26.53240000000000,26.59800000000000
833,218.5395418000000,33.49500210000000,26.31270000000000,26.26330000000000,27.09240000000000
835,218.5724059000000,33.49496940000000,27.77110000000000,27.35050000000000,27.09240000000000
836,218.5473397000000,33.49512900000000,26.85480000000000,27.19020000000000,27.09240000000000
837,218.5505209000000,33.49507910000000,26.81200000000000,27.08550000000000,27.09240000000000
838,218.5540817000000,33.49507160000000,27.61490000000000,27.45680000000000,27.09240000000000
840,218.5753110000000,33.49530450000000,25.09840000000000,24.81490000000000,27.09240000000000
841,218.5384980000000,33.49551170000000,25.34760000000000,25.12120000000000,27.09240000000000
842,218.5320558000000,33.49518110000000,25.57530000000000,28.62010000000000,27.09240000000000
843,218.5343970000000,33.49549140000000,25.21250000000000,25.43880000000000,27.09240000000000
845,218.5748251000000,33.49523680000000,27.16430000000000,27.08730000000000,27.09240000000000
846,218.5492270000000,33.49559850000000,24.34130000000000,25.00750000000000,27.09240000000000
849,218.5459096000000,33.49610170000000,24.15160000000000,24.78520000000000,27.09240000000000
852,218.5567163000000,33.49578970000000,24.34860000000000,24.75650000000000,27.09240000000000
855,218.5463551000000,33.49550430000000,27.52110000000000,28.40660000000000,27.09240000000000
856,218.5414452000000,33.50479950000000,26.58670000000000,26.53510000000000,27.09240000000000
929,218.5585891000000,33.50943500000000,28.85880000000000,27.59470000000000,27.09240000000000
932,218.5396634000000,33.50566070000000,24.32160000000000,24.13990000000000,27.09240000000000
933,218.5743872000000,33.50618620000000,30.69970000000000,25.26630000000000,27.09240000000000
934,218.5531969000000,33.50604750000000,25.23470000000000,25.09310000000000,27.09240000000000
935,218.5416942000000,33.50597320000000,27.72440000000000,27.10080000000000,27.09240000000000
936,218.5456336000000,33.50578990000000,24.91270000000000,25.29160000000000,27.09240000000000
938,218.5393944000000,33.50561830000000,25.21910000000000,25.50810000000000,27.09240000000000
942,218.5688925000000,33.50492160000000,24.22420000000000,24.32660000000000,27.09240000000000
945,218.5367998000000,33.50510140000000,26.22680000000000,26.90700000000000,27.09240000000000
946,218.5514974000000,33.50553840000000,27.02360000000000,26.66430000000000,27.09240000000000
947,218.5659112000000,33.50543280000000,26.57770000000000,26.24510000000000,27.09240000000000
948,218.5453441000000,33.50538960000000,25.18160000000000,25.92470000000000,27.09240000000000
950,218.5543699000000,33.50608040000000,27.26250000000000,26.30250000000000,27.09240000000000
951,218.5764139000000,33.50483980000000,25.04950000000000,27.18660000000000,27.09240000000000
952,218.5496285000000,33.50414530000000,28.09690000000000,27.78540000000000,27.09240000000000
953,218.5359098000000,33.50486320000000,24.62330000000000,24.71730000000000,27.09240000000000
954,218.5368174000000,33.50527040000000,26.02480000000000,26.24440000000000,27.09240000000000
955,218.5401179000000,33.50502710000000,26.93660000000000,25.96540000000000,27.09240000000000
956,218.5568466000000,33.50488790000000,27.80710000000000,29.01540000000000,27.09240000000000
957,218.5472227000000,33.50373850000000,26.81470000000000,27.21280000000000,27.09240000000000
958,218.5684310000000,33.50489250000000,25.63060000000000,25.98530000000000,27.09240000000000
961,218.5675443000000,33.50416170000000,28.01610000000000,28.13360000000000,27.09240000000000
962,218.5663202000000,33.50503960000000,27.88560000000000,27.05810000000000,27.09240000000000
963,218.5619526000000,33.50460390000000,25.90900000000000,25.83770000000000,27.09240000000000
964,218.5569627000000,33.50449030000000,28.12200000000000,27.26750000000000,27.09240000000000
965,218.5744894000000,33.50267480000000,27.29640000000000,26.53030000000000,27.09240000000000
966,218.5720345000000,33.50433300000000,27.10430000000000,26.51400000000000,27.09240000000000
967,218.5701064000000,33.50459480000000,26.36820000000000,26.62740000000000,27.09240000000000
968,218.5663086000000,33.50466940000000,27.05760000000000,26.30560000000000,27.09240000000000
969,218.5572903000000,33.50433720000000,25.76400000000000,25.69540000000000,27.09240000000000
970,218.5401746000000,33.50444320000000,27.47510000000000,27.56830000000000,27.09240000000000
971,218.5494322000000,33.50426950000000,28.30940000000000,28.57780000000000,27.09240000000000
973,218.5338643000000,33.50409550000000,25.81910000000000,26.08530000000000,27.09240000000000
974,218.5396624000000,33.50431430000000,26.30460000000000,26.23510000000000,27.09240000000000
975,218.5642614000000,33.50453760000000,26.81330000000000,26.69670000000000,27.09240000000000
977,218.5712711000000,33.50417490000000,22.45950000000000,22.79660000000000,27.09240000000000
978,218.5362603000000,33.50417230000000,25.35440000000000,25.05200000000000,27.09240000000000
979,218.5516735000000,33.50430330000000,27.39350000000000,29.08490000000000,27.09240000000000
980,218.5764970000000,33.50398890000000,26.81080000000000,26.69460000000000,27.09240000000000
981,218.5473695000000,33.50347620000000,26.42400000000000,26.62820000000000,27.09240000000000
983,218.5392223000000,33.50347580000000,23.00160000000000,23.58800000000000,27.09240000000000
984,218.5706492000000,33.50190100000000,25.57420000000000,25.92310000000000,27.09240000000000
986,218.5628711000000,33.50304180000000,25.27170000000000,25.80600000000000,27.09240000000000
987,218.5729289000000,33.50367140000000,25.05100000000000,25.16780000000000,27.09240000000000
989,218.5368186000000,33.50752070000000,24.79490000000000,25.07780000000000,27.09240000000000
990,218.5586066000000,33.50364310000000,22.92470000000000,24.17590000000000,27.09240000000000
992,218.5468466000000,33.50626790000000,28.00410000000000,27.61350000000000,27.09240000000000
994,218.5525942000000,33.50718090000000,26.32740000000000,25.96730000000000,27.09240000000000
996,218.5367880000000,33.50341030000000,26.19720000000000,26.42590000000000,27.09240000000000
997,218.5766808000000,33.50350280000000,23.74140000000000,26.84600000000000,27.09240000000000
999,218.5492375000000,33.50293590000000,26.49480000000000,26.05580000000000,27.09240000000000
1001,218.5564302000000,33.50291580000000,27.58660000000000,28.32730000000000,27.09240000000000
1002,218.5538257000000,33.50656330000000,25.18480000000000,27.03990000000000,27.09240000000000
1004,218.5625947000000,33.50688450000000,26.89160000000000,26.23390000000000,27.09240000000000
1005,218.5348347000000,33.50626320000000,26.56810000000000,26.52730000000000,27.09240000000000
1006,218.5445163000000,33.50004830000000,27.52280000000000,27.11100000000000,27.09240000000000
1007,218.5768358000000,33.50104900000000,28.17690000000000,27.93820000000000,27.09240000000000
1008,218.5689450000000,33.50346170000000,25.94890000000000,25.65970000000000,27.09240000000000
1009,218.5430311000000,33.50325180000000,25.46440000000000,25.45740000000000,27.09240000000000
1010,218.5494077000000,33.50316500000000,26.52560000000000,25.87590000000000,27.09240000000000
1013,218.5439789000000,33.50286620000000,22.37710000000000,22.33580000000000,27.09240000000000
1014,218.5367045000000,33.50205840000000,27.23130000000000,27.35370000000000,27.09240000000000
1015,218.5427660000000,33.50262100000000,26.08700000000000,26.24480000000000,27.09240000000000
1016,218.5755021000000,33.50272530000000,26.20330000000000,26.41670000000000,27.09240000000000
1018,218.5472651000000,33.50228630000000,25.68160000000000,25.95230000000000,27.09240000000000
1019,218.5412433000000,33.50308290000000,28.09710000000000,27.55430000000000,27.09240000000000
1021,218.5555738000000,33.50288370000000,23.51940000000000,23.98690000000000,27.09240000000000
1022,218.5418040000000,33.50142800000000,25.02110000000000,25.25220000000000,27.09240000000000
1023,218.5711552000000,33.50241550000000,26.68310000000000,26.30410000000000,27.09240000000000
1026,218.5663265000000,33.50243430000000,28.23980000000000,27.55890000000000,27.09240000000000
1027,218.5426337000000,33.50253300000000,26.08140000000000,26.24910000000000,27.09240000000000
1028,218.5464152000000,33.50199240000000,23.85720000000000,24.28830000000000,27.09240000000000
1029,218.5532206000000,33.50078920000000,27.77310000000000,27.51480000000000,27.09240000000000
1030,218.5645259000000,33.50222130000000,26.65970000000000,26.22960000000000,27.09240000000000
1031,218.5498208000000,33.50251780000000,26.83280000000000,27.11170000000000,27.09240000000000
1032,218.5332395000000,33.50259440000000,26.33790000000000,26.02300000000000,27.09240000000000
1033,218.5709009000000,33.50208530000000,25.95730000000000,26.00440000000000,27.09240000000000
1035,218.5582435000000,33.50312580000000,24.56260000000000,24.85530000000000,27.09240000000000
1036,218.5742070000000,33.50210830000000,27.65830000000000,28.12700000000000,27.09240000000000
1037,218.5436652000000,33.49961850000000,25.58210000000000,25.69270000000000,27.09240000000000
1038,218.5507936000000,33.50230490000000,25.03530000000000,25.23200000000000,27.09240000000000
1039,218.5541959000000,33.50229360000000,24.88260000000000,25.25260000000000,27.09240000000000
1043,218.5382659000000,33.50112430000000,28.27130000000000,28.02920000000000,27.09240000000000
1044,218.5675013000000,33.50214760000000,27.40590000000000,27.29030000000000,27.09240000000000
1045,218.5588805000000,33.50116200000000,27.29790000000000,27.76950000000000,27.09240000000000
1047,218.5658143000000,33.50194230000000,27.37970000000000,27.10240000000000,27.09240000000000
1049,218.5442488000000,33.50268960000000,26.36330000000000,26.64260000000000,27.09240000000000
1050,218.5544061000000,33.50121050000000,21.87400000000000,22.11920000000000,27.09240000000000
1051,218.5672560000000,33.50179370000000,26.79570000000000,26.19910000000000,27.09240000000000
1052,218.5594119000000,33.50714380000000,23.81200000000000,24.38070000000000,27.09240000000000
1053,218.5549208000000,33.50033050000000,26.63470000000000,26.46920000000000,27.09240000000000
1054,218.5346338000000,33.50147200000000,27.79990000000000,27.60910000000000,27.09240000000000
1055,218.5358444000000,33.50748870000000,27.97860000000000,28.27820000000000,27.09240000000000
1057,218.5590649000000,33.50094010000000,26.51180000000000,27.27500000000000,27.09240000000000
1058,218.5611783000000,33.50150730000000,27.79750000000000,26.99110000000000,27.09240000000000
1059,218.5443038000000,33.50127050000000,26.82140000000000,26.96620000000000,27.09240000000000
1060,218.5456255000000,33.50141190000000,24.32640000000000,24.74480000000000,27.09240000000000
1061,218.5530866000000,33.50165450000000,27.73920000000000,26.99160000000000,27.09240000000000
1062,218.5469656000000,33.50732250000000,25.94570000000000,25.93790000000000,27.09240000000000
1063,218.5649377000000,33.49999060000000,25.65000000000000,25.41170000000000,27.09240000000000
1064,218.5437127000000,33.49995120000000,21.86600000000000,22.30600000000000,27.09240000000000
1065,218.5426548000000,33.50818600000000,26.34560000000000,26.48130000000000,27.09240000000000
1066,218.5719977000000,33.50728990000000,23.90260000000000,24.72560000000000,27.09240000000000
1067,218.5362873000000,33.49800190000000,25.74260000000000,25.90440000000000,27.09240000000000
1068,218.5604321000000,33.50011450000000,25.84580000000000,26.02570000000000,27.09240000000000
1069,218.5583215000000,33.50190860000000,26.35440000000000,26.78700000000000,27.09240000000000
1070,218.5637331000000,33.50731460000000,25.27930000000000,25.37240000000000,27.09240000000000
1071,218.5339493000000,33.50747880000000,25.75830000000000,25.70570000000000,27.09240000000000
1072,218.5642323000000,33.50761210000000,26.74800000000000,26.13860000000000,27.09240000000000
1074,218.5734923000000,33.50691580000000,23.49360000000000,23.83370000000000,27.09240000000000
1076,218.5520604000000,33.50950310000000,26.89170000000000,25.53550000000000,27.09240000000000
1078,218.5525959000000,33.50006610000000,27.83800000000000,27.81930000000000,27.09240000000000
1080,218.5636052000000,33.50713860000000,27.06490000000000,26.70260000000000,27.09240000000000
1082,218.5337684000000,33.50747500000000,27.11410000000000,27.06040000000000,27.09240000000000
1083,218.5489425000000,33.50740280000000,24.92390000000000,24.84850000000000,27.09240000000000
1086,218.5391098000000,33.50089450000000,26.91240000000000,26.15040000000000,27.09240000000000
1087,218.5490069000000,33.50062760000000,25.23750000000000,25.59320000000000,27.09240000000000
1088,218.5691681000000,33.50100800000000,27.31140000000000,26.75330000000000,27.09240000000000
1090,218.5337192000000,33.49955610000000,25.33330000000000,26.18290000000000,27.09240000000000
1092,218.5362651000000,33.50825930000000,27.47760000000000,27.18600000000000,27.09240000000000
1093,218.5443621000000,33.50108620000000,26.54450000000000,26.24070000000000,27.09240000000000
1095,218.5362901000000,33.50084930000000,28.31340000000000,27.99240000000000,27.09240000000000
1096,218.5647242000000,33.50426220000000,26.67370000000000,26.37330000000000,27.09240000000000
1097,218.5337040000000,33.50109530000000,28.27250000000000,26.99890000000000,27.09240000000000
1098,218.5650666000000,33.50631320000000,25.69980000000000,26.19490000000000,27.09240000000000
1099,218.5627793000000,33.50094850000000,26.00640000000000,25.50380000000000,27.09240000000000
1100,218.5475299000000,33.49912730000000,25.56460000000000,25.62730000000000,27.09240000000000
1101,218.5427367000000,33.50084760000000,27.13980000000000,25.97070000000000,27.09240000000000
1102,218.5356051000000,33.50058220000000,25.47410000000000,25.69620000000000,27.09240000000000
1103,218.5493362000000,33.50090280000000,26.90180000000000,29.44530000000000,27.09240000000000
1105,218.5508346000000,33.50091650000000,24.75470000000000,25.31600000000000,27.09240000000000
1106,218.5616959000000,33.49902400000000,26.96320000000000,26.83810000000000,27.09240000000000
1108,218.5666979000000,33.50041420000000,26.05250000000000,26.15170000000000,27.09240000000000
1109,218.5605013000000,33.49913970000000,26.03920000000000,26.06450000000000,27.09240000000000
1110,218.5709314000000,33.50085800000000,25.48390000000000,25.90040000000000,27.09240000000000
1112,218.5491369000000,33.49913310000000,26.66540000000000,26.83990000000000,27.09240000000000
1113,218.5517268000000,33.50021350000000,24.80660000000000,25.16260000000000,27.09240000000000
1114,218.5515656000000,33.50605300000000,28.19450000000000,28.55900000000000,27.09240000000000
1115,218.5643037000000,33.50655460000000,23.14560000000000,22.78210000000000,27.09240000000000
1116,218.5390169000000,33.50803540000000,28.50690000000000,27.65590000000000,27.09240000000000
1119,218.5605600000000,33.50122090000000,27.64700000000000,27.49090000000000,27.09240000000000
1120,218.5415781000000,33.50689430000000,28.18710000000000,99.00000000000000,27.09240000000000
1122,218.5752868000000,33.49991010000000,25.51240000000000,25.25020000000000,27.09240000000000
1123,218.5672685000000,33.50823110000000,27.99590000000000,28.41440000000000,27.09240000000000
1125,218.5400565000000,33.50030160000000,26.73520000000000,26.95150000000000,27.09240000000000
1128,218.5578402000000,33.49995580000000,25.72000000000000,25.64180000000000,27.09240000000000
1129,218.5717510000000,33.50004090000000,27.56720000000000,26.52570000000000,27.09240000000000
1130,218.5744164000000,33.49903200000000,24.32070000000000,24.82840000000000,27.09240000000000
1131,218.5449487000000,33.49980070000000,27.05230000000000,26.98200000000000,27.09240000000000
1132,218.5599669000000,33.50010970000000,23.43790000000000,23.34430000000000,27.09240000000000
1133,218.5712059000000,33.49898830000000,23.60780000000000,23.98220000000000,27.09240000000000
1134,218.5497693000000,33.49813350000000,27.95960000000000,27.80680000000000,27.09240000000000
1136,218.5407728000000,33.49944490000000,23.77110000000000,23.62280000000000,27.09240000000000
1138,218.5499892000000,33.49957340000000,24.34760000000000,24.86800000000000,27.09240000000000
1139,218.5472931000000,33.49922880000000,27.08030000000000,27.10610000000000,27.09240000000000
1140,218.5428837000000,33.49878560000000,25.73390000000000,26.52320000000000,27.09240000000000
1142,218.5734292000000,33.49978650000000,27.58550000000000,27.66400000000000,27.09240000000000
1144,218.5676685000000,33.49988230000000,25.63760000000000,25.47080000000000,27.09240000000000
1145,218.5705107000000,33.49921820000000,26.69980000000000,26.67540000000000,27.09240000000000
1146,218.5462513000000,33.49914510000000,24.25370000000000,24.95380000000000,27.09240000000000
1147,218.5533171000000,33.49916890000000,26.35040000000000,25.89240000000000,27.09240000000000
1150,218.5726873000000,33.49944560000000,27.77100000000000,27.42950000000000,27.09240000000000
1152,218.5579183000000,33.49926940000000,24.00590000000000,24.47160000000000,27.09240000000000
1153,218.5606152000000,33.49939660000000,26.48590000000000,26.68060000000000,27.09240000000000
1159,218.5452023000000,33.49702720000000,28.78700000000000,29.27090000000000,27.09240000000000
1160,218.5415820000000,33.49822040000000,26.05080000000000,25.91360000000000,27.09240000000000
1161,218.5549836000000,33.49809140000000,26.97370000000000,27.13260000000000,27.09240000000000
1163,218.5386200000000,33.50807710000000,28.72910000000000,27.59030000000000,27.09240000000000
1165,218.5731039000000,33.49876030000000,28.21290000000000,28.52720000000000,27.09240000000000
1169,218.5561535000000,33.49745210000000,26.80260000000000,26.47800000000000,27.09240000000000
1170,218.5345864000000,33.49915680000000,26.88780000000000,26.28830000000000,27.09240000000000
1171,218.5748638000000,33.50977340000000,26.64520000000000,27.00760000000000,27.09240000000000
1172,218.5744505000000,33.49887750000000,26.36850000000000,26.16440000000000,27.09240000000000
1173,218.5603034000000,33.49887830000000,27.63370000000000,27.40600000000000,27.09240000000000
1174,218.5599289000000,33.49856830000000,24.68100000000000,24.98100000000000,27.09240000000000
1175,218.5579315000000,33.49859070000000,24.13470000000000,24.29220000000000,27.09240000000000
1177,218.5370655000000,33.49812860000000,27.90190000000000,27.53080000000000,27.09240000000000
1180,218.5589827000000,33.49913960000000,24.66220000000000,25.01120000000000,27.09240000000000
1181,218.5466382000000,33.49854620000000,26.82030000000000,26.50090000000000,27.09240000000000
1182,218.5778735000000,33.49893390000000,25.12310000000000,25.00750000000000,27.09240000000000
1184,218.5488613000000,33.49830910000000,22.88670000000000,23.22410000000000,27.09240000000000
1185,218.5323545000000,33.50804280000000,24.94740000000000,24.82160000000000,27.09240000000000
1186,218.5372352000000,33.49779170000000,26.03460000000000,26.49020000000000,27.09240000000000
1187,218.5722801000000,33.49842190000000,28.28440000000000,27.49210000000000,27.09240000000000
1188,218.5405750000000,33.49866440000000,24.54300000000000,24.83900000000000,27.09240000000000
1189,218.5708000000000,33.49809470000000,27.91880000000000,27.75480000000000,27.09240000000000
1191,218.5366993000000,33.50421190000000,26.17150000000000,26.76920000000000,27.09240000000000
1192,218.5396391000000,33.50444410000000,25.62800000000000,25.71520000000000,27.09240000000000
1193,218.5651300000000,33.49842760000000,22.38870000000000,24.30180000000000,27.09240000000000
1195,218.5514017000000,33.49817010000000,25.49880000000000,25.54660000000000,27.09240000000000
1196,218.5757419000000,33.49836800000000,25.71800000000000,26.06380000000000,27.09240000000000
1198,218.5437922000000,33.49740500000000,25.13700000000000,25.18420000000000,27.09240000000000
1199,218.5448330000000,33.49783790000000,27.52110000000000,27.64790000000000,27.09240000000000
1202,218.5728761000000,33.49782230000000,25.60610000000000,25.57790000000000,27.09240000000000
1203,218.5463813000000,33.49674180000000,27.98260000000000,28.54550000000000,27.09240000000000
1205,218.5716567000000,33.49784840000000,25.29350000000000,25.53090000000000,27.09240000000000
1206,218.5638837000000,33.49618880000000,24.92040000000000,26.47570000000000,27.09240000000000
1207,218.5457977000000,33.50717900000000,27.19550000000000,27.11560000000000,27.09240000000000
1208,218.5412551000000,33.49770150000000,26.15570000000000,25.97730000000000,27.09240000000000
1209,218.5357285000000,33.50603500000000,23.96920000000000,24.17710000000000,27.09240000000000
1210,218.5401621000000,33.50796990000000,23.83960000000000,24.04870000000000,27.09240000000000
1211,218.5602851000000,33.49790100000000,24.96520000000000,25.21920000000000,27.09240000000000
1212,218.5454915000000,33.49756350000000,28.27670000000000,27.13910000000000,27.09240000000000
1213,218.5727810000000,33.49734970000000,27.96200000000000,27.43610000000000,27.09240000000000
1216,218.5691267000000,33.49773560000000,24.49020000000000,24.91780000000000,27.09240000000000
1217,218.5565960000000,33.49627580000000,26.66030000000000,26.11290000000000,27.09240000000000
1220,218.5497948000000,33.49711590000000,25.23330000000000,25.90630000000000,27.09240000000000
1222,218.5513370000000,33.49777180000000,26.96870000000000,26.74290000000000,27.09240000000000
1223,218.5447385000000,33.49752940000000,26.90590000000000,25.99960000000000,27.09240000000000
1225,218.5470211000000,33.49681030000000,28.18860000000000,27.00870000000000,27.09240000000000
1227,218.5770982000000,33.49760840000000,28.04530000000000,28.57710000000000,27.09240000000000
1228,218.5709377000000,33.49731780000000,23.80670000000000,23.89140000000000,27.09240000000000
1230,218.5374034000000,33.49726500000000,26.24360000000000,25.78240000000000,27.09240000000000
1231,218.5591512000000,33.49725930000000,26.86010000000000,26.79920000000000,27.09240000000000
1234,218.5428027000000,33.49682200000000,24.89570000000000,24.88190000000000,27.09240000000000
1235,218.5654970000000,33.49612170000000,25.08650000000000,25.65860000000000,27.09240000000000
1237,218.5586320000000,33.49718190000000,24.68360000000000,25.04160000000000,27.09240000000000
1238,218.5528950000000,33.49707620000000,28.39490000000000,28.14660000000000,27.09240000000000
1239,218.5364386000000,33.49712490000000,23.65470000000000,24.13120000000000,27.09240000000000
1240,218.5566522000000,33.49694270000000,26.72360000000000,26.88860000000000,27.09240000000000
1241,218.5478199000000,33.49683890000000,26.13920000000000,26.06270000000000,27.09240000000000
1243,218.5476108000000,33.50844240000000,26.08250000000000,25.95700000000000,27.09240000000000
1245,218.5715826000000,33.49682490000000,23.30470000000000,23.37080000000000,27.09240000000000
1251,218.5564962000000,33.49700660000000,23.84730000000000,24.00720000000000,27.09240000000000
1252,218.5355864000000,33.49669390000000,26.49120000000000,27.64910000000000,27.09240000000000
1253,218.5716072000000,33.49699020000000,22.03520000000000,22.60550000000000,27.09240000000000
1257,218.5408796000000,33.49699580000000,28.50330000000000,26.94730000000000,27.09240000000000
1260,218.5575379000000,33.49681510000000,25.69250000000000,25.62010000000000,27.09240000000000
1264,218.5573080000000,33.49689670000000,25.33150000000000,25.43950000000000,27.09240000000000
1267,218.5635352000000,33.49624880000000,26.10500000000000,26.13400000000000,27.09240000000000
1268,218.5560897000000,33.49627180000000,24.98830000000000,25.18730000000000,27.09240000000000
1270,218.5574948000000,33.49611500000000,23.54480000000000,24.13110000000000,27.09240000000000
1273,218.5526725000000,33.50949940000000,26.59060000000000,26.01350000000000,27.09240000000000
1276,218.5759360000000,33.50944280000000,25.18980000000000,25.32100000000000,27.09240000000000
1279,218.5603429000000,33.50309020000000,22.67200000000000,22.93080000000000,27.09240000000000
1281,218.5551155000000,33.50959230000000,31.61900000000000,27.84630000000000,27.09240000000000
1282,218.5432436000000,33.49593410000000,27.43950000000000,26.22260000000000,27.09240000000000
1284,218.5725050000000,33.49561450000000,26.94690000000000,26.39010000000000,27.09240000000000
1286,218.5654904000000,33.50953600000000,25.15530000000000,24.93260000000000,27.09240000000000
1289,218.5494414000000,33.49609000000000,27.36030000000000,26.97840000000000,27.09240000000000
1290,218.5617829000000,33.49626600000000,24.29510000000000,25.01990000000000,27.09240000000000
1291,218.5520212000000,33.49616970000000,27.76410000000000,28.36330000000000,27.09240000000000
1292,218.5412163000000,33.49626100000000,25.64630000000000,25.93160000000000,27.09240000000000
1294,218.5367901000000,33.49592140000000,26.80860000000000,26.21860000000000,27.09240000000000
1296,218.5632181000000,33.50962580000000,26.32320000000000,27.44000000000000,27.09240000000000
1299,218.5567217000000,33.49562710000000,26.91980000000000,27.91320000000000,27.09240000000000
1301,218.5610605000000,33.49586500000000,26.83420000000000,26.96670000000000,27.09240000000000
1305,218.5709582000000,33.49597120000000,26.35010000000000,26.15440000000000,27.09240000000000
1306,218.5363629000000,33.49592970000000,25.22410000000000,25.25790000000000,27.09240000000000
1307,218.5357125000000,33.49589800000000,27.46740000000000,26.72450000000000,27.09240000000000
1309,218.5626647000000,33.49693300000000,26.52480000000000,26.94490000000000,27.09240000000000
1314,218.5473021000000,33.49566520000000,28.28380000000000,28.57200000000000,27.09240000000000
1318,218.5448401000000,33.49567800000000,27.63680000000000,27.79240000000000,27.09240000000000
1319,218.5496702000000,33.49556450000000,27.90810000000000,27.48600000000000,27.09240000000000
1320,218.5442560000000,33.50612510000000,26.14680000000000,27.28340000000000,27.09240000000000
1344,218.5469495000000,33.50819580000000,25.05030000000000,25.08940000000000,27.09240000000000
1353,218.5752080000000,33.51080460000000,99.00000000000000,26.30030000000000,27.09240000000000
1361,218.5712896000000,33.50326450000000,24.51480000000000,24.56050000000000,27.09240000000000
1362,218.5723545000000,33.50919410000000,26.47760000000000,25.96340000000000,27.09240000000000
1365,218.5740317000000,33.49549280000000,27.54550000000000,27.73040000000000,27.09240000000000
1368,218.5427000000000,33.50892720000000,27.33370000000000,27.22900000000000,27.09240000000000
1371,218.5494010000000,33.50396440000000,27.61380000000000,27.25440000000000,27.09240000000000
1372,218.5696276000000,33.51045250000000,26.16540000000000,25.18660000000000,27.09240000000000
1381,218.5468513000000,33.50395740000000,28.19530000000000,27.59970000000000,27.09240000000000
1382,218.5588313000000,33.50777830000000,23.49710000000000,23.49790000000000,27.09240000000000
1384,218.5670925000000,33.50729990000000,28.40070000000000,28.21940000000000,27.09240000000000
1389,218.5576170000000,33.50467880000000,24.87870000000000,24.95970000000000,27.09240000000000
1391,218.5406367000000,33.50599180000000,26.41170000000000,26.25250000000000,27.09240000000000
1392,218.5680935000000,33.50897350000000,26.33060000000000,26.19390000000000,27.09240000000000
1393,218.5692929000000,33.50848470000000,26.32700000000000,26.13370000000000,27.09240000000000
1394,218.5348952000000,33.50485120000000,26.56410000000000,26.87600000000000,27.09240000000000
1395,218.5651828000000,33.50970310000000,24.66550000000000,24.62870000000000,27.09240000000000
1397,218.5614077000000,33.51069940000000,27.71690000000000,29.18480000000000,27.09240000000000
1398,218.5333180000000,33.50489130000000,24.33490000000000,24.22800000000000,27.09240000000000
1402,218.5569754000000,33.50600700000000,26.31460000000000,26.85060000000000,27.09240000000000
1403,218.5679435000000,33.50362390000000,27.04740000000000,27.24010000000000,27.09240000000000
1404,218.5663419000000,33.50403620000000,28.37450000000000,26.91650000000000,27.09240000000000
1405,218.5558387000000,33.50156090000000,23.92110000000000,24.57810000000000,27.09240000000000
1406,218.5481280000000,33.50770340000000,27.78190000000000,27.39710000000000,27.09240000000000
1407,218.5447898000000,33.50221310000000,27.62490000000000,27.17740000000000,27.09240000000000
1409,218.5544648000000,33.50637110000000,27.11130000000000,26.40820000000000,27.09240000000000
1411,218.5676909000000,33.51014100000000,28.34900000000000,28.34560000000000,27.09240000000000
1415,218.5606283000000,33.50909120000000,27.02330000000000,26.79060000000000,27.09240000000000
1416,218.5594635000000,33.50687800000000,26.83510000000000,26.38360000000000,27.09240000000000
1417,218.5698953000000,33.50198010000000,24.11510000000000,24.16260000000000,27.09240000000000
1420,218.5740162000000,33.51016580000000,23.27990000000000,23.56370000000000,27.09240000000000
1424,218.5427708000000,33.50633220000000,22.83410000000000,23.35150000000000,27.09240000000000
1426,218.5681035000000,33.50635110000000,27.11990000000000,26.89820000000000,27.09240000000000
1429,218.5489132000000,33.50051220000000,27.30210000000000,26.98840000000000,27.09240000000000
1437,218.5760773000000,33.50829420000000,27.56100000000000,27.81120000000000,27.09240000000000
1439,218.5550496000000,33.50942810000000,26.74150000000000,25.72730000000000,27.09240000000000
1444,218.5374123000000,33.50863760000000,28.85510000000000,28.04810000000000,27.09240000000000
1445,218.5408521000000,33.50496720000000,27.41390000000000,27.28970000000000,27.09240000000000
1449,218.5435394000000,33.50395180000000,26.72380000000000,26.13070000000000,27.09240000000000
1450,218.5427027000000,33.50399310000000,25.32450000000000,26.18230000000000,27.09240000000000
1451,218.5605230000000,33.50887740000000,28.10230000000000,27.92000000000000,27.09240000000000
1453,218.5750488000000,33.50847990000000,24.47120000000000,24.50470000000000,27.09240000000000
1454,218.5448686000000,33.50869490000000,26.64260000000000,26.31510000000000,27.09240000000000
1456,218.5569593000000,33.50585510000000,27.49110000000000,27.32820000000000,27.09240000000000
1457,218.5413554000000,33.50840510000000,29.16780000000000,27.44820000000000,27.09240000000000
1458,218.5365426000000,33.50752850000000,26.63830000000000,26.64040000000000,27.09240000000000
1459,218.5620925000000,33.50566420000000,27.15630000000000,27.95130000000000,27.09240000000000
1461,218.5395756000000,33.50459150000000,25.32830000000000,24.94630000000000,27.09240000000000
1464,218.5425694000000,33.50267750000000,24.23120000000000,24.29510000000000,27.09240000000000
1466,218.5585152000000,33.50878480000000,26.97900000000000,26.17890000000000,27.09240000000000
1467,218.5407650000000,33.50613190000000,27.52220000000000,27.05690000000000,27.09240000000000
1468,218.5332051000000,33.50687540000000,26.85370000000000,26.87620000000000,27.09240000000000
1469,218.5406148000000,33.50881660000000,26.51760000000000,25.29440000000000,27.09240000000000
1471,218.5515820000000,33.50628810000000,27.44730000000000,26.55430000000000,27.09240000000000
1472,218.5532908000000,33.50539930000000,27.32540000000000,26.78200000000000,27.09240000000000
1473,218.5318003000000,33.50755320000000,27.68280000000000,27.07900000000000,27.09240000000000
1474,218.5741485000000,33.50546480000000,26.04110000000000,25.79430000000000,27.09240000000000
1475,218.5368808000000,33.50679790000000,27.21440000000000,27.10200000000000,27.09240000000000
1476,218.5383804000000,33.50548120000000,25.01040000000000,24.74670000000000,27.09240000000000
1477,218.5615026000000,33.50772030000000,26.32110000000000,27.14370000000000,27.09240000000000
1479,218.5429877000000,33.50472520000000,25.61450000000000,25.56280000000000,27.09240000000000
1480,218.5489155000000,33.50808330000000,28.05890000000000,27.01730000000000,27.09240000000000
1481,218.5444646000000,33.50474300000000,25.90940000000000,25.93590000000000,27.09240000000000
1482,218.5648647000000,33.50791280000000,24.84570000000000,25.35420000000000,27.09240000000000
1483,218.5693161000000,33.50674900000000,26.88790000000000,26.75240000000000,27.09240000000000
1485,218.5664634000000,33.50796230000000,26.05680000000000,27.54730000000000,27.09240000000000
1486,218.5346259000000,33.50583420000000,24.25210000000000,24.57410000000000,27.09240000000000
1487,218.5667658000000,33.50624670000000,27.30700000000000,26.59800000000000,27.09240000000000
1488,218.5508644000000,33.50842270000000,25.12450000000000,25.37400000000000,27.09240000000000
1489,218.5617901000000,33.50660700000000,28.32310000000000,27.09240000000000,27.09240000000000
